Date Time, Water Level, Sigma, I, L 
2017-01-01 00:00,1.322,0.059,0,0
2017-01-01 01:00,1.739,0.075,0,0
2017-01-01 02:00,2.096,0.085,0,0
2017-01-01 03:00,2.477,0.079,0,0
2017-01-01 04:00,2.392,0.082,0,0
2017-01-01 05:00,2.005,0.105,0,0
2017-01-01 06:00,1.503,0.121,0,0
2017-01-01 07:00,1.178,0.092,0,0
2017-01-01 08:00,0.620,0.102,0,0
2017-01-01 09:00,0.102,0.144,0,0
2017-01-01 10:00,0.177,0.112,0,0
2017-01-01 11:00,0.568,0.082,0,0
2017-01-01 12:00,0.906,0.069,0,0
2017-01-01 13:00,1.385,0.066,0,0
2017-01-01 14:00,1.785,0.052,0,0
2017-01-01 15:00,2.110,0.128,0,0
2017-01-01 16:00,2.162,0.151,0,0
2017-01-01 17:00,1.850,0.138,0,0
2017-01-01 18:00,1.391,0.128,0,0
2017-01-01 19:00,0.984,0.098,0,0
2017-01-01 20:00,0.535,0.052,0,0
2017-01-01 21:00,0.082,0.062,0,0
2017-01-01 22:00,-0.213,0.039,0,0
2017-01-01 23:00,-0.157,0.039,0,0
2017-01-02 00:00,0.272,0.039,0,0
2017-01-02 01:00,0.771,0.030,0,0
2017-01-02 02:00,1.230,0.026,0,0
2017-01-02 03:00,1.765,0.020,0,0
2017-01-02 04:00,2.096,0.026,0,0
2017-01-02 05:00,2.090,0.026,0,0
2017-01-02 06:00,1.742,0.023,0,0
2017-01-02 07:00,1.512,0.026,0,0
2017-01-02 08:00,1.181,0.020,0,0
2017-01-02 09:00,0.797,0.016,0,0
2017-01-02 10:00,0.591,0.016,0,0
2017-01-02 11:00,0.525,0.030,0,0
2017-01-02 12:00,0.892,0.016,0,0
2017-01-02 13:00,1.325,0.013,0,0
2017-01-02 14:00,1.693,0.030,0,0
2017-01-02 15:00,2.024,0.023,0,0
2017-01-02 16:00,2.349,0.030,0,0
2017-01-02 17:00,2.277,0.030,0,0
2017-01-02 18:00,1.923,0.033,0,0
2017-01-02 19:00,1.342,0.033,0,0
2017-01-02 20:00,0.968,0.020,0,0
2017-01-02 21:00,0.561,0.033,0,0
2017-01-02 22:00,0.167,0.030,0,0
2017-01-02 23:00,-0.013,0.059,0,0
2017-01-03 00:00,0.161,0.052,0,0
2017-01-03 01:00,0.679,0.033,0,0
2017-01-03 02:00,1.227,0.036,0,0
2017-01-03 03:00,1.778,0.056,0,0
2017-01-03 04:00,2.244,0.056,0,0
2017-01-03 05:00,2.500,0.066,0,0
2017-01-03 06:00,2.454,0.079,0,0
2017-01-03 07:00,2.152,0.085,0,0
2017-01-03 08:00,1.909,0.062,0,0
2017-01-03 09:00,1.726,0.072,0,0
2017-01-03 10:00,1.516,0.062,0,0
2017-01-03 11:00,1.322,0.072,0,0
2017-01-03 12:00,1.339,0.062,0,0
2017-01-03 13:00,1.624,0.052,0,0
2017-01-03 14:00,2.142,0.075,0,0
2017-01-03 15:00,2.664,0.072,0,0
2017-01-03 16:00,3.232,0.105,0,0
2017-01-03 17:00,3.517,0.102,0,0
2017-01-03 18:00,3.402,0.112,0,0
2017-01-03 19:00,3.025,0.102,0,0
2017-01-03 20:00,2.592,0.105,0,0
2017-01-03 21:00,2.411,0.102,0,0
2017-01-03 22:00,2.149,0.121,0,0
2017-01-03 23:00,1.798,0.089,0,0
2017-01-04 00:00,1.496,0.089,0,0
2017-01-04 01:00,1.631,0.059,0,0
2017-01-04 02:00,2.008,0.056,0,0
2017-01-04 03:00,2.503,0.052,0,0
2017-01-04 04:00,2.986,0.049,0,0
2017-01-04 05:00,3.383,0.066,0,0
2017-01-04 06:00,3.527,0.085,0,0
2017-01-04 07:00,3.143,0.056,0,0
2017-01-04 08:00,2.749,0.056,0,0
2017-01-04 09:00,2.388,0.033,0,0
2017-01-04 10:00,1.916,0.033,0,0
2017-01-04 11:00,1.568,0.023,0,0
2017-01-04 12:00,1.358,0.020,0,0
2017-01-04 13:00,1.309,0.026,0,0
2017-01-04 14:00,1.667,0.036,0,0
2017-01-04 15:00,2.080,0.030,0,0
2017-01-04 16:00,2.359,0.036,0,0
2017-01-04 17:00,2.759,0.049,0,0
2017-01-04 18:00,3.028,0.046,0,0
2017-01-04 19:00,2.871,0.049,0,0
2017-01-04 20:00,2.359,0.085,0,0
2017-01-04 21:00,1.942,0.066,0,0
2017-01-04 22:00,1.650,0.079,0,0
2017-01-04 23:00,1.375,0.069,0,0
2017-01-05 00:00,0.945,0.072,0,0
2017-01-05 01:00,0.673,0.128,0,0
2017-01-05 02:00,0.892,0.180,0,0
2017-01-05 03:00,1.201,0.312,0,0
2017-01-05 04:00,1.594,0.279,0,0
2017-01-05 05:00,1.749,0.351,0,0
2017-01-05 06:00,1.929,0.279,0,0
2017-01-05 07:00,1.991,0.289,0,0
2017-01-05 08:00,1.709,0.233,0,0
2017-01-05 09:00,1.496,0.236,0,0
2017-01-05 10:00,1.178,0.151,0,0
2017-01-05 11:00,0.728,0.220,0,0
2017-01-05 12:00,0.115,0.249,0,0
2017-01-05 13:00,-0.157,0.276,0,0
2017-01-05 14:00,-0.148,0.272,0,0
2017-01-05 15:00,0.194,0.184,0,0
2017-01-05 16:00,0.682,0.233,0,0
2017-01-05 17:00,1.056,0.174,0,0
2017-01-05 18:00,1.293,0.167,0,0
2017-01-05 19:00,1.394,0.095,0,0
2017-01-05 20:00,1.243,0.095,0,0
2017-01-05 21:00,0.919,0.082,0,0
2017-01-05 22:00,0.784,0.121,0,0
2017-01-05 23:00,0.650,0.066,0,0
2017-01-06 00:00,0.262,0.075,0,0
2017-01-06 01:00,-0.144,0.082,0,0
2017-01-06 02:00,-0.157,0.062,0,0
2017-01-06 03:00,0.138,0.052,0,0
2017-01-06 04:00,0.748,0.046,0,0
2017-01-06 05:00,1.296,0.049,0,0
2017-01-06 06:00,1.726,0.049,0,0
2017-01-06 07:00,2.126,0.049,0,0
2017-01-06 08:00,2.067,0.039,0,0
2017-01-06 09:00,1.798,0.082,0,0
2017-01-06 10:00,1.604,0.072,0,0
2017-01-06 11:00,1.332,0.079,0,0
2017-01-06 12:00,0.892,0.059,0,0
2017-01-06 13:00,0.571,0.066,0,0
2017-01-06 14:00,0.404,0.039,0,0
2017-01-06 15:00,0.351,0.033,0,0
2017-01-06 16:00,0.646,0.033,0,0
2017-01-06 17:00,1.122,0.033,0,0
2017-01-06 18:00,1.496,0.023,0,0
2017-01-06 19:00,1.883,0.020,0,0
2017-01-06 20:00,2.034,0.026,0,0
2017-01-06 21:00,1.913,0.030,0,0
2017-01-06 22:00,1.667,0.033,0,0
2017-01-06 23:00,1.237,0.026,0,0
2017-01-07 00:00,1.056,0.026,0,0
2017-01-07 01:00,0.676,0.020,0,0
2017-01-07 02:00,0.249,0.036,0,0
2017-01-07 03:00,0.197,0.036,0,0
2017-01-07 04:00,0.505,0.059,0,0
2017-01-07 05:00,1.168,0.062,0,0
2017-01-07 06:00,1.890,0.069,0,0
2017-01-07 07:00,2.231,0.062,0,0
2017-01-07 08:00,2.516,0.056,0,0
2017-01-07 09:00,2.631,0.056,0,0
2017-01-07 10:00,2.421,0.036,0,0
2017-01-07 11:00,2.080,0.033,0,0
2017-01-07 12:00,1.745,0.033,0,0
2017-01-07 13:00,1.345,0.043,0,0
2017-01-07 14:00,0.961,0.046,0,0
2017-01-07 15:00,0.659,0.043,0,0
2017-01-07 16:00,0.633,0.046,0,0
2017-01-07 17:00,0.866,0.052,0,0
2017-01-07 18:00,1.371,0.069,0,0
2017-01-07 19:00,1.913,0.121,0,0
2017-01-07 20:00,2.329,0.161,0,0
2017-01-07 21:00,2.533,0.167,0,0
2017-01-07 22:00,2.474,0.200,0,0
2017-01-07 23:00,2.165,0.187,0,0
2017-01-08 00:00,1.926,0.312,0,0
2017-01-08 01:00,1.594,0.351,0,0
2017-01-08 02:00,1.152,0.341,0,0
2017-01-08 03:00,0.679,0.331,0,0
2017-01-08 04:00,0.781,0.226,0,0
2017-01-08 05:00,1.115,0.148,0,0
2017-01-08 06:00,1.929,0.161,0,0
2017-01-08 07:00,2.428,0.121,0,0
2017-01-08 08:00,3.058,0.098,0,0
2017-01-08 09:00,3.497,0.118,0,0
2017-01-08 10:00,3.527,0.105,0,0
2017-01-08 11:00,3.251,0.089,0,0
2017-01-08 12:00,2.943,0.230,0,0
2017-01-08 13:00,2.562,0.203,0,0
2017-01-08 14:00,1.824,0.174,0,0
2017-01-08 15:00,1.112,0.138,0,0
2017-01-08 16:00,0.646,0.092,0,0
2017-01-08 17:00,0.436,0.075,0,0
2017-01-08 18:00,0.794,0.089,0,0
2017-01-08 19:00,1.444,0.079,0,0
2017-01-08 20:00,1.873,0.121,0,0
2017-01-08 21:00,2.064,0.151,0,0
2017-01-08 22:00,2.244,0.180,0,0
2017-01-08 23:00,2.031,0.190,0,0
2017-01-09 00:00,1.506,0.213,0,0
2017-01-09 01:00,1.053,0.246,0,0
2017-01-09 02:00,0.607,0.249,0,0
2017-01-09 03:00,-0.062,0.299,0,0
2017-01-09 04:00,-0.531,0.269,0,0
2017-01-09 05:00,-0.446,0.240,0,0
2017-01-09 06:00,-0.079,0.312,0,0
2017-01-09 07:00,0.525,0.253,0,0
2017-01-09 08:00,1.112,0.210,0,0
2017-01-09 09:00,1.621,0.246,0,0
2017-01-09 10:00,2.008,0.213,0,0
2017-01-09 11:00,2.162,0.213,0,0
2017-01-09 12:00,1.841,0.177,0,0
2017-01-09 13:00,1.371,0.131,0,0
2017-01-09 14:00,0.817,0.108,0,0
2017-01-09 15:00,0.459,0.059,0,0
2017-01-09 16:00,-0.194,0.052,0,0
2017-01-09 17:00,-0.725,0.043,0,0
2017-01-09 18:00,-0.659,0.033,0,0
2017-01-09 19:00,-0.305,0.030,0,0
2017-01-09 20:00,0.374,0.036,0,0
2017-01-09 21:00,1.037,0.039,0,0
2017-01-09 22:00,1.526,0.023,0,0
2017-01-09 23:00,1.814,0.026,0,0
2017-01-10 00:00,1.594,0.020,0,0
2017-01-10 01:00,1.070,0.026,0,0
2017-01-10 02:00,0.719,0.030,0,0
2017-01-10 03:00,0.338,0.033,0,0
2017-01-10 04:00,-0.066,0.030,0,0
2017-01-10 05:00,-0.338,0.062,0,0
2017-01-10 06:00,-0.259,0.036,0,0
2017-01-10 07:00,0.079,0.039,0,0
2017-01-10 08:00,0.699,0.049,0,0
2017-01-10 09:00,1.371,0.066,0,0
2017-01-10 10:00,1.926,0.075,0,0
2017-01-10 11:00,2.375,0.049,0,0
2017-01-10 12:00,2.474,0.030,0,0
2017-01-10 13:00,2.146,0.023,0,0
2017-01-10 14:00,1.634,0.046,0,0
2017-01-10 15:00,1.214,0.049,0,0
2017-01-10 16:00,0.712,0.039,0,0
2017-01-10 17:00,-0.075,0.066,0,0
2017-01-10 18:00,-0.577,0.030,0,0
2017-01-10 19:00,-0.548,0.026,0,0
2017-01-10 20:00,0.171,0.023,0,0
2017-01-10 21:00,1.033,0.020,0,0
2017-01-10 22:00,1.660,0.016,0,0
2017-01-10 23:00,2.198,0.020,0,0
2017-01-11 00:00,2.516,0.026,0,0
2017-01-11 01:00,2.316,0.039,0,0
2017-01-11 02:00,1.906,0.033,0,0
2017-01-11 03:00,1.411,0.036,0,0
2017-01-11 04:00,0.981,0.026,0,0
2017-01-11 05:00,0.548,0.023,0,0
2017-01-11 06:00,0.282,0.030,0,0
2017-01-11 07:00,0.413,0.033,0,0
2017-01-11 08:00,0.830,0.033,0,0
2017-01-11 09:00,1.759,0.033,0,0
2017-01-11 10:00,2.083,0.069,0,0
2017-01-11 11:00,2.612,0.072,0,0
2017-01-11 12:00,2.877,0.082,0,0
2017-01-11 13:00,2.808,0.105,0,0
2017-01-11 14:00,2.306,0.135,0,0
2017-01-11 15:00,1.640,0.128,0,0
2017-01-11 16:00,0.915,0.082,0,0
2017-01-11 17:00,0.236,0.066,0,0
2017-01-11 18:00,-0.623,0.072,0,0
2017-01-11 19:00,-1.086,0.066,0,0
2017-01-11 20:00,-0.896,0.052,0,0
2017-01-11 21:00,-0.112,0.043,0,0
2017-01-11 22:00,0.787,0.043,0,0
2017-01-11 23:00,1.430,0.043,0,0
2017-01-12 00:00,1.896,0.036,0,0
2017-01-12 01:00,2.126,0.033,0,0
2017-01-12 02:00,1.886,0.036,0,0
2017-01-12 03:00,1.463,0.036,0,0
2017-01-12 04:00,1.119,0.036,0,0
2017-01-12 05:00,0.738,0.036,0,0
2017-01-12 06:00,0.174,0.023,0,0
2017-01-12 07:00,-0.128,0.023,0,0
2017-01-12 08:00,0.036,0.023,0,0
2017-01-12 09:00,0.525,0.036,0,0
2017-01-12 10:00,1.480,0.026,0,0
2017-01-12 11:00,2.313,0.026,0,0
2017-01-12 12:00,2.799,0.030,0,0
2017-01-12 13:00,3.038,0.036,0,0
2017-01-12 14:00,3.022,0.043,0,0
2017-01-12 15:00,2.431,0.039,0,0
2017-01-12 16:00,1.873,0.039,0,0
2017-01-12 17:00,1.299,0.056,0,0
2017-01-12 18:00,0.509,0.043,0,0
2017-01-12 19:00,-0.213,0.033,0,0
2017-01-12 20:00,-0.650,0.039,0,0
2017-01-12 21:00,-0.443,0.043,0,0
2017-01-12 22:00,0.446,0.039,0,0
2017-01-12 23:00,1.207,0.039,0,0
2017-01-13 00:00,1.850,0.052,0,0
2017-01-13 01:00,2.057,0.052,0,0
2017-01-13 02:00,2.228,0.046,0,0
2017-01-13 03:00,1.880,0.049,0,0
2017-01-13 04:00,1.394,0.033,0,0
2017-01-13 05:00,0.912,0.039,0,0
2017-01-13 06:00,0.502,0.033,0,0
2017-01-13 07:00,-0.102,0.030,0,0
2017-01-13 08:00,-0.335,0.023,0,0
2017-01-13 09:00,-0.240,0.030,0,0
2017-01-13 10:00,0.344,0.030,0,0
2017-01-13 11:00,1.198,0.026,0,0
2017-01-13 12:00,1.886,0.033,0,0
2017-01-13 13:00,2.310,0.079,0,0
2017-01-13 14:00,2.585,0.089,0,0
2017-01-13 15:00,2.372,0.062,0,0
2017-01-13 16:00,1.686,0.167,0,0
2017-01-13 17:00,1.102,0.226,0,0
2017-01-13 18:00,0.564,0.194,0,0
2017-01-13 19:00,-0.148,0.177,0,0
2017-01-13 20:00,-0.899,0.174,0,0
2017-01-13 21:00,-1.243,0.177,0,0
2017-01-13 22:00,-0.906,0.197,0,0
2017-01-13 23:00,-0.131,0.249,0,0
2017-01-14 00:00,0.653,0.210,0,0
2017-01-14 01:00,1.096,0.256,0,0
2017-01-14 02:00,1.411,0.180,0,0
2017-01-14 03:00,1.532,0.240,0,0
2017-01-14 04:00,1.240,0.171,0,0
2017-01-14 05:00,0.722,0.144,0,0
2017-01-14 06:00,0.299,0.125,0,0
2017-01-14 07:00,-0.030,0.089,0,0
2017-01-14 08:00,-0.545,0.066,0,0
2017-01-14 09:00,-0.794,0.059,0,0
2017-01-14 10:00,-0.367,0.030,0,0
2017-01-14 11:00,0.289,0.026,0,0
2017-01-14 12:00,1.001,0.020,0,0
2017-01-14 13:00,1.791,0.023,0,0
2017-01-14 14:00,2.336,0.030,0,0
2017-01-14 15:00,2.618,0.033,0,0
2017-01-14 16:00,2.257,0.023,0,0
2017-01-14 17:00,1.683,0.036,0,0
2017-01-14 18:00,1.181,0.023,0,0
2017-01-14 19:00,0.620,0.023,0,0
2017-01-14 20:00,0.052,0.026,0,0
2017-01-14 21:00,-0.620,0.026,0,0
2017-01-14 22:00,-0.856,0.033,0,0
2017-01-14 23:00,-0.305,0.026,0,0
2017-01-15 00:00,0.417,0.023,0,0
2017-01-15 01:00,1.070,0.026,0,0
2017-01-15 02:00,1.568,0.020,0,0
2017-01-15 03:00,1.982,0.023,0,0
2017-01-15 04:00,1.988,0.026,0,0
2017-01-15 05:00,1.644,0.020,0,0
2017-01-15 06:00,1.161,0.020,0,0
2017-01-15 07:00,0.741,0.016,0,0
2017-01-15 08:00,0.256,0.020,0,0
2017-01-15 09:00,-0.092,0.033,0,0
2017-01-15 10:00,-0.253,0.075,0,0
2017-01-15 11:00,0.010,0.046,0,0
2017-01-15 12:00,0.591,0.072,0,0
2017-01-15 13:00,1.266,0.079,0,0
2017-01-15 14:00,1.759,0.128,0,0
2017-01-15 15:00,2.238,0.089,0,0
2017-01-15 16:00,2.313,0.089,0,0
2017-01-15 17:00,1.985,0.043,0,0
2017-01-15 18:00,1.519,0.033,0,0
2017-01-15 19:00,1.040,0.036,0,0
2017-01-15 20:00,0.620,0.023,0,0
2017-01-15 21:00,0.108,0.020,0,0
2017-01-15 22:00,-0.322,0.013,0,0
2017-01-15 23:00,-0.331,0.020,0,0
2017-01-16 00:00,0.066,0.026,0,0
2017-01-16 01:00,0.663,0.016,0,0
2017-01-16 02:00,1.309,0.020,0,0
2017-01-16 03:00,1.804,0.020,0,0
2017-01-16 04:00,2.133,0.016,0,0
2017-01-16 05:00,2.080,0.016,0,0
2017-01-16 06:00,1.732,0.016,0,0
2017-01-16 07:00,1.302,0.016,0,0
2017-01-16 08:00,0.873,0.013,0,0
2017-01-16 09:00,0.479,0.010,0,0
2017-01-16 10:00,0.138,0.013,0,0
2017-01-16 11:00,0.003,0.010,0,0
2017-01-16 12:00,0.243,0.016,0,0
2017-01-16 13:00,0.764,0.020,0,0
2017-01-16 14:00,1.388,0.016,0,0
2017-01-16 15:00,1.762,0.020,0,0
2017-01-16 16:00,2.093,0.016,0,0
2017-01-16 17:00,2.142,0.020,0,0
2017-01-16 18:00,1.804,0.020,0,0
2017-01-16 19:00,1.227,0.020,0,0
2017-01-16 20:00,0.741,0.016,0,0
2017-01-16 21:00,0.331,0.023,0,0
2017-01-16 22:00,-0.049,0.036,0,0
2017-01-16 23:00,-0.325,0.046,0,0
2017-01-17 00:00,-0.433,0.023,0,0
2017-01-17 01:00,-0.108,0.023,0,0
2017-01-17 02:00,0.479,0.023,0,0
2017-01-17 03:00,0.971,0.026,0,0
2017-01-17 04:00,1.358,0.030,0,0
2017-01-17 05:00,1.772,0.056,0,0
2017-01-17 06:00,1.709,0.056,0,0
2017-01-17 07:00,1.319,0.062,0,0
2017-01-17 08:00,0.817,0.102,0,0
2017-01-17 09:00,0.495,0.105,0,0
2017-01-17 10:00,0.233,0.075,0,0
2017-01-17 11:00,0.043,0.069,0,0
2017-01-17 12:00,-0.131,0.036,0,0
2017-01-17 13:00,0.210,0.023,0,0
2017-01-17 14:00,0.715,0.020,0,0
2017-01-17 15:00,1.161,0.023,0,0
2017-01-17 16:00,1.483,0.013,0,0
2017-01-17 17:00,1.785,0.020,0,0
2017-01-17 18:00,1.818,0.020,0,0
2017-01-17 19:00,1.480,0.023,0,0
2017-01-17 20:00,1.079,0.016,0,0
2017-01-17 21:00,0.869,0.023,0,0
2017-01-17 22:00,0.702,0.016,0,0
2017-01-17 23:00,0.299,0.030,0,0
2017-01-18 00:00,0.118,0.026,0,0
2017-01-18 01:00,0.207,0.043,0,0
2017-01-18 02:00,0.682,0.056,0,0
2017-01-18 03:00,1.325,0.039,0,0
2017-01-18 04:00,1.988,0.049,0,0
2017-01-18 05:00,2.415,0.033,0,0
2017-01-18 06:00,2.664,0.049,0,0
2017-01-18 07:00,2.546,0.056,0,0
2017-01-18 08:00,2.142,0.066,0,0
2017-01-18 09:00,1.906,0.059,0,0
2017-01-18 10:00,1.896,0.066,0,0
2017-01-18 11:00,1.601,0.062,0,0
2017-01-18 12:00,1.289,0.059,0,0
2017-01-18 13:00,1.132,0.072,0,0
2017-01-18 14:00,1.378,0.062,0,0
2017-01-18 15:00,1.798,0.052,0,0
2017-01-18 16:00,2.037,0.056,0,0
2017-01-18 17:00,2.316,0.052,0,0
2017-01-18 18:00,2.631,0.049,0,0
2017-01-18 19:00,2.641,0.059,0,0
2017-01-18 20:00,2.365,0.066,0,0
2017-01-18 21:00,2.119,0.059,0,0
2017-01-18 22:00,1.906,0.043,0,0
2017-01-18 23:00,1.680,0.056,0,0
2017-01-19 00:00,1.329,0.052,0,0
2017-01-19 01:00,1.145,0.030,0,0
2017-01-19 02:00,1.227,0.033,0,0
2017-01-19 03:00,1.598,0.033,0,0
2017-01-19 04:00,2.106,0.030,0,0
2017-01-19 05:00,2.523,0.033,0,0
2017-01-19 06:00,2.881,0.039,0,0
2017-01-19 07:00,2.986,0.056,0,0
2017-01-19 08:00,2.887,0.039,0,0
2017-01-19 09:00,2.510,0.046,0,0
2017-01-19 10:00,2.195,0.033,0,0
2017-01-19 11:00,1.877,0.026,0,0
2017-01-19 12:00,1.467,0.023,0,0
2017-01-19 13:00,1.247,0.026,0,0
2017-01-19 14:00,1.132,0.030,0,0
2017-01-19 15:00,1.204,0.026,0,0
2017-01-19 16:00,1.371,0.026,0,0
2017-01-19 17:00,1.555,0.033,0,0
2017-01-19 18:00,1.929,0.030,0,0
2017-01-19 19:00,2.060,0.030,0,0
2017-01-19 20:00,1.923,0.033,0,0
2017-01-19 21:00,1.791,0.036,0,0
2017-01-19 22:00,1.640,0.039,0,0
2017-01-19 23:00,1.371,0.026,0,0
2017-01-20 00:00,1.053,0.023,0,0
2017-01-20 01:00,0.810,0.023,0,0
2017-01-20 02:00,0.656,0.016,0,0
2017-01-20 03:00,0.778,0.023,0,0
2017-01-20 04:00,1.148,0.033,0,0
2017-01-20 05:00,1.634,0.023,0,0
2017-01-20 06:00,2.060,0.026,0,0
2017-01-20 07:00,2.218,0.033,0,0
2017-01-20 08:00,2.408,0.036,0,0
2017-01-20 09:00,2.316,0.033,0,0
2017-01-20 10:00,2.123,0.026,0,0
2017-01-20 11:00,1.791,0.030,0,0
2017-01-20 12:00,1.555,0.023,0,0
2017-01-20 13:00,1.220,0.026,0,0
2017-01-20 14:00,0.958,0.026,0,0
2017-01-20 15:00,0.850,0.023,0,0
2017-01-20 16:00,0.974,0.023,0,0
2017-01-20 17:00,1.194,0.026,0,0
2017-01-20 18:00,1.499,0.023,0,0
2017-01-20 19:00,1.663,0.016,0,0
2017-01-20 20:00,1.844,0.030,0,0
2017-01-20 21:00,1.847,0.033,0,0
2017-01-20 22:00,1.860,0.033,0,0
2017-01-20 23:00,1.565,0.030,0,0
2017-01-21 00:00,1.375,0.023,0,0
2017-01-21 01:00,1.145,0.023,0,0
2017-01-21 02:00,0.991,0.020,0,0
2017-01-21 03:00,1.053,0.030,0,0
2017-01-21 04:00,1.145,0.020,0,0
2017-01-21 05:00,1.473,0.026,0,0
2017-01-21 06:00,1.867,0.020,0,0
2017-01-21 07:00,2.185,0.026,0,0
2017-01-21 08:00,2.441,0.030,0,0
2017-01-21 09:00,2.566,0.030,0,0
2017-01-21 10:00,2.448,0.030,0,0
2017-01-21 11:00,2.218,0.030,0,0
2017-01-21 12:00,1.991,0.026,0,0
2017-01-21 13:00,1.585,0.023,0,0
2017-01-21 14:00,1.302,0.020,0,0
2017-01-21 15:00,1.024,0.016,0,0
2017-01-21 16:00,0.899,0.023,0,0
2017-01-21 17:00,1.063,0.020,0,0
2017-01-21 18:00,1.352,0.023,0,0
2017-01-21 19:00,1.572,0.030,0,0
2017-01-21 20:00,1.634,0.030,0,0
2017-01-21 21:00,1.739,0.030,0,0
2017-01-21 22:00,1.893,0.033,0,0
2017-01-21 23:00,1.785,0.026,0,0
2017-01-22 00:00,1.650,0.030,0,0
2017-01-22 01:00,1.342,0.023,0,0
2017-01-22 02:00,1.056,0.023,0,0
2017-01-22 03:00,0.846,0.030,0,0
2017-01-22 04:00,0.935,0.016,0,0
2017-01-22 05:00,1.020,0.030,0,0
2017-01-22 06:00,1.417,0.023,0,0
2017-01-22 07:00,1.736,0.023,0,0
2017-01-22 08:00,2.080,0.026,0,0
2017-01-22 09:00,2.287,0.033,0,0
2017-01-22 10:00,2.451,0.033,0,0
2017-01-22 11:00,2.303,0.026,0,0
2017-01-22 12:00,2.182,0.033,0,0
2017-01-22 13:00,2.008,0.023,0,0
2017-01-22 14:00,1.706,0.023,0,0
2017-01-22 15:00,1.342,0.026,0,0
2017-01-22 16:00,1.056,0.023,0,0
2017-01-22 17:00,1.037,0.023,0,0
2017-01-22 18:00,1.207,0.023,0,0
2017-01-22 19:00,1.506,0.026,0,0
2017-01-22 20:00,1.755,0.033,0,0
2017-01-22 21:00,1.916,0.033,0,0
2017-01-22 22:00,2.224,0.039,0,0
2017-01-22 23:00,2.244,0.049,0,0
2017-01-23 00:00,2.060,0.056,0,0
2017-01-23 01:00,1.854,0.075,0,0
2017-01-23 02:00,1.785,0.079,0,0
2017-01-23 03:00,1.627,0.072,0,0
2017-01-23 04:00,1.568,0.069,0,0
2017-01-23 05:00,1.768,0.066,0,0
2017-01-23 06:00,2.119,0.062,0,0
2017-01-23 07:00,2.480,0.072,0,0
2017-01-23 08:00,2.759,0.089,0,0
2017-01-23 09:00,3.192,0.115,0,0
2017-01-23 10:00,3.533,0.131,0,0
2017-01-23 11:00,3.553,0.125,0,0
2017-01-23 12:00,3.501,0.115,0,0
2017-01-23 13:00,3.471,0.102,0,0
2017-01-23 14:00,3.081,0.108,0,0
2017-01-23 15:00,2.795,0.095,0,0
2017-01-23 16:00,2.474,0.085,0,0
2017-01-23 17:00,2.188,0.092,0,0
2017-01-23 18:00,2.162,0.085,0,0
2017-01-23 19:00,2.490,0.082,0,0
2017-01-23 20:00,2.881,0.098,0,0
2017-01-23 21:00,3.166,0.125,0,0
2017-01-23 22:00,3.570,0.148,0,0
2017-01-23 23:00,3.924,0.125,0,0
2017-01-24 00:00,3.996,0.128,0,0
2017-01-24 01:00,3.967,0.131,0,0
2017-01-24 02:00,3.691,0.115,0,0
2017-01-24 03:00,3.412,0.105,0,0
2017-01-24 04:00,3.163,0.112,0,0
2017-01-24 05:00,3.012,0.112,0,0
2017-01-24 06:00,3.159,0.105,0,0
2017-01-24 07:00,3.451,0.144,0,0
2017-01-24 08:00,3.737,0.151,0,0
2017-01-24 09:00,4.485,0.164,0,0
2017-01-24 10:00,4.944,0.167,0,0
2017-01-24 11:00,4.790,0.180,0,0
2017-01-24 12:00,4.685,0.154,0,0
2017-01-24 13:00,4.278,0.138,0,0
2017-01-24 14:00,3.944,0.115,0,0
2017-01-24 15:00,3.392,0.125,0,0
2017-01-24 16:00,2.674,0.131,0,0
2017-01-24 17:00,2.274,0.128,0,0
2017-01-24 18:00,2.096,0.115,0,0
2017-01-24 19:00,2.018,0.102,0,0
2017-01-24 20:00,2.254,0.095,0,0
2017-01-24 21:00,2.753,0.075,0,0
2017-01-24 22:00,3.169,0.098,0,0
2017-01-24 23:00,3.432,0.082,0,0
2017-01-25 00:00,3.442,0.092,0,0
2017-01-25 01:00,3.281,0.098,0,0
2017-01-25 02:00,2.959,0.174,0,0
2017-01-25 03:00,2.615,0.144,0,0
2017-01-25 04:00,2.346,0.197,0,0
2017-01-25 05:00,1.965,0.213,0,0
2017-01-25 06:00,1.778,0.174,0,0
2017-01-25 07:00,1.936,0.144,0,0
2017-01-25 08:00,2.270,0.180,0,0
2017-01-25 09:00,2.572,0.282,0,0
2017-01-25 10:00,2.815,0.305,0,0
2017-01-25 11:00,3.091,0.246,0,0
2017-01-25 12:00,3.192,0.299,0,0
2017-01-25 13:00,3.002,0.338,0,0
2017-01-25 14:00,2.690,0.299,0,0
2017-01-25 15:00,2.264,0.328,0,0
2017-01-25 16:00,1.759,0.213,0,0
2017-01-25 17:00,1.037,0.151,0,0
2017-01-25 18:00,0.604,0.085,0,0
2017-01-25 19:00,0.489,0.072,0,0
2017-01-25 20:00,0.577,0.151,0,0
2017-01-25 21:00,0.951,0.125,0,0
2017-01-25 22:00,1.476,0.062,0,0
2017-01-25 23:00,1.860,0.039,0,0
2017-01-26 00:00,2.152,0.030,0,0
2017-01-26 01:00,2.021,0.026,0,0
2017-01-26 02:00,1.916,0.026,0,0
2017-01-26 03:00,1.732,0.046,0,0
2017-01-26 04:00,1.453,0.030,0,0
2017-01-26 05:00,1.289,0.043,0,0
2017-01-26 06:00,1.066,0.043,0,0
2017-01-26 07:00,1.099,0.026,0,0
2017-01-26 08:00,1.371,0.023,0,0
2017-01-26 09:00,1.939,0.016,0,0
2017-01-26 10:00,2.428,0.023,0,0
2017-01-26 11:00,2.946,0.020,0,0
2017-01-26 12:00,3.333,0.020,0,0
2017-01-26 13:00,3.389,0.020,0,0
2017-01-26 14:00,3.176,0.039,0,0
2017-01-26 15:00,2.749,0.033,0,0
2017-01-26 16:00,2.201,0.026,0,0
2017-01-26 17:00,1.703,0.023,0,0
2017-01-26 18:00,1.129,0.049,0,0
2017-01-26 19:00,0.801,0.030,0,0
2017-01-26 20:00,0.850,0.033,0,0
2017-01-26 21:00,1.168,0.039,0,0
2017-01-26 22:00,1.965,0.036,0,0
2017-01-26 23:00,2.208,0.121,0,0
2017-01-27 00:00,2.313,0.210,0,0
2017-01-27 01:00,2.096,0.194,0,0
2017-01-27 02:00,1.926,0.190,0,0
2017-01-27 03:00,1.519,0.164,0,0
2017-01-27 04:00,1.220,0.131,0,0
2017-01-27 05:00,0.850,0.177,0,0
2017-01-27 06:00,0.302,0.151,0,0
2017-01-27 07:00,0.039,0.171,0,0
2017-01-27 08:00,-0.062,0.144,0,0
2017-01-27 09:00,0.141,0.141,0,0
2017-01-27 10:00,0.876,0.125,0,0
2017-01-27 11:00,1.306,0.177,0,0
2017-01-27 12:00,1.788,0.148,0,0
2017-01-27 13:00,2.110,0.118,0,0
2017-01-27 14:00,2.051,0.141,0,0
2017-01-27 15:00,1.601,0.174,0,0
2017-01-27 16:00,1.083,0.184,0,0
2017-01-27 17:00,0.630,0.197,0,0
2017-01-27 18:00,0.197,0.164,0,0
2017-01-27 19:00,-0.269,0.161,0,0
2017-01-27 20:00,-0.476,0.164,0,0
2017-01-27 21:00,-0.282,0.108,0,0
2017-01-27 22:00,0.322,0.079,0,0
2017-01-27 23:00,0.919,0.105,0,0
2017-01-28 00:00,1.325,0.266,0,0
2017-01-28 01:00,1.519,0.246,0,0
2017-01-28 02:00,1.539,0.164,0,0
2017-01-28 03:00,1.309,0.161,0,0
2017-01-28 04:00,0.850,0.171,0,0
2017-01-28 05:00,0.489,0.194,0,0
2017-01-28 06:00,0.079,0.167,0,0
2017-01-28 07:00,-0.364,0.174,0,0
2017-01-28 08:00,-0.650,0.180,0,0
2017-01-28 09:00,-0.433,0.171,0,0
2017-01-28 10:00,0.151,0.161,0,0
2017-01-28 11:00,0.709,0.164,0,0
2017-01-28 12:00,1.280,0.151,0,0
2017-01-28 13:00,1.864,0.135,0,0
2017-01-28 14:00,2.103,0.135,0,0
2017-01-28 15:00,1.942,0.151,0,0
2017-01-28 16:00,1.453,0.203,0,0
2017-01-28 17:00,0.876,0.197,0,0
2017-01-28 18:00,0.354,0.174,0,0
2017-01-28 19:00,-0.030,0.190,0,0
2017-01-28 20:00,-0.449,0.180,0,0
2017-01-28 21:00,-0.528,0.180,0,0
2017-01-28 22:00,-0.180,0.148,0,0
2017-01-28 23:00,0.525,0.125,0,0
2017-01-29 00:00,1.017,0.118,0,0
2017-01-29 01:00,1.391,0.138,0,0
2017-01-29 02:00,1.781,0.118,0,0
2017-01-29 03:00,1.742,0.131,0,0
2017-01-29 04:00,1.325,0.141,0,0
2017-01-29 05:00,0.843,0.157,0,0
2017-01-29 06:00,0.440,0.151,0,0
2017-01-29 07:00,0.082,0.161,0,0
2017-01-29 08:00,-0.259,0.092,0,0
2017-01-29 09:00,-0.180,0.089,0,0
2017-01-29 10:00,0.243,0.062,0,0
2017-01-29 11:00,0.899,0.046,0,0
2017-01-29 12:00,1.473,0.052,0,0
2017-01-29 13:00,2.057,0.039,0,0
2017-01-29 14:00,2.448,0.023,0,0
2017-01-29 15:00,2.615,0.039,0,0
2017-01-29 16:00,2.175,0.049,0,0
2017-01-29 17:00,1.680,0.102,0,0
2017-01-29 18:00,1.198,0.085,0,0
2017-01-29 19:00,0.682,0.082,0,0
2017-01-29 20:00,0.190,0.082,0,0
2017-01-29 21:00,-0.157,0.075,0,0
2017-01-29 22:00,0.036,0.092,0,0
2017-01-29 23:00,0.630,0.052,0,0
2017-01-30 00:00,1.240,0.056,0,0
2017-01-30 01:00,1.640,0.049,0,0
2017-01-30 02:00,2.070,0.049,0,0
2017-01-30 03:00,2.359,0.026,0,0
2017-01-30 04:00,2.280,0.023,0,0
2017-01-30 05:00,1.913,0.026,0,0
2017-01-30 06:00,1.516,0.030,0,0
2017-01-30 07:00,1.056,0.023,0,0
2017-01-30 08:00,0.564,0.016,0,0
2017-01-30 09:00,0.243,0.020,0,0
2017-01-30 10:00,0.299,0.023,0,0
2017-01-30 11:00,0.761,0.020,0,0
2017-01-30 12:00,1.421,0.016,0,0
2017-01-30 13:00,2.096,0.016,0,0
2017-01-30 14:00,2.546,0.026,0,0
2017-01-30 15:00,2.884,0.026,0,0
2017-01-30 16:00,2.812,0.026,0,0
2017-01-30 17:00,2.313,0.036,0,0
2017-01-30 18:00,1.814,0.023,0,0
2017-01-30 19:00,1.447,0.020,0,0
2017-01-30 20:00,1.001,0.036,0,0
2017-01-30 21:00,0.433,0.030,0,0
2017-01-30 22:00,0.203,0.052,0,0
2017-01-30 23:00,0.472,0.079,0,0
2017-01-31 00:00,1.063,0.089,0,0
2017-01-31 01:00,1.542,0.141,0,0
2017-01-31 02:00,1.991,0.121,0,0
2017-01-31 03:00,2.290,0.112,0,0
2017-01-31 04:00,2.395,0.082,0,0
2017-01-31 05:00,2.178,0.075,0,0
2017-01-31 06:00,1.631,0.089,0,0
2017-01-31 07:00,1.070,0.141,0,0
2017-01-31 08:00,0.620,0.052,0,0
2017-01-31 09:00,0.187,0.033,0,0
2017-01-31 10:00,-0.108,0.049,0,0
2017-01-31 11:00,0.052,0.046,0,0
2017-01-31 12:00,0.528,0.043,0,0
2017-01-31 13:00,1.191,0.052,0,0
2017-01-31 14:00,1.860,0.039,0,0
2017-01-31 15:00,2.431,0.039,0,0
2017-01-31 16:00,2.713,0.020,0,0
2017-01-31 17:00,2.379,0.016,0,0
2017-01-31 18:00,1.995,0.026,0,0
2017-01-31 19:00,1.496,0.023,0,0
2017-01-31 20:00,1.230,0.023,0,0
2017-01-31 21:00,0.856,0.026,0,0
2017-01-31 22:00,0.522,0.023,0,0
2017-01-31 23:00,0.607,0.062,0,0 
2017-02-01 00:00,0.968,0.066,0,0
2017-02-01 01:00,1.486,0.049,0,0
2017-02-01 02:00,2.054,0.052,0,0
2017-02-01 03:00,2.510,0.043,0,0
2017-02-01 04:00,2.854,0.039,0,0
2017-02-01 05:00,2.992,0.046,0,0
2017-02-01 06:00,2.546,0.052,0,0
2017-02-01 07:00,2.051,0.039,0,0
2017-02-01 08:00,1.604,0.036,0,0
2017-02-01 09:00,1.043,0.033,0,0
2017-02-01 10:00,0.502,0.026,0,0
2017-02-01 11:00,0.394,0.026,0,0
2017-02-01 12:00,0.449,0.026,0,0
2017-02-01 13:00,0.938,0.049,0,0
2017-02-01 14:00,1.391,0.046,0,0
2017-02-01 15:00,1.808,0.095,0,0
2017-02-01 16:00,2.218,0.121,0,0
2017-02-01 17:00,2.254,0.154,0,0
2017-02-01 18:00,1.919,0.171,0,0
2017-02-01 19:00,1.335,0.131,0,0
2017-02-01 20:00,0.833,0.180,0,0
2017-02-01 21:00,0.522,0.118,0,0
2017-02-01 22:00,0.256,0.112,0,0
2017-02-01 23:00,-0.082,0.089,0,0
2017-02-02 00:00,0.072,0.069,0,0
2017-02-02 01:00,0.469,0.036,0,0
2017-02-02 02:00,1.083,0.052,0,0
2017-02-02 03:00,1.673,0.033,0,0
2017-02-02 04:00,2.198,0.033,0,0
2017-02-02 05:00,2.484,0.072,0,0
2017-02-02 06:00,2.457,0.079,0,0
2017-02-02 07:00,2.005,0.056,0,0
2017-02-02 08:00,1.572,0.056,0,0
2017-02-02 09:00,1.148,0.049,0,0
2017-02-02 10:00,0.659,0.046,0,0
2017-02-02 11:00,0.253,0.046,0,0
2017-02-02 12:00,0.138,0.033,0,0
2017-02-02 13:00,0.492,0.026,0,0
2017-02-02 14:00,0.906,0.026,0,0
2017-02-02 15:00,1.424,0.026,0,0
2017-02-02 16:00,1.857,0.020,0,0
2017-02-02 17:00,2.264,0.036,0,0
2017-02-02 18:00,2.182,0.075,0,0
2017-02-02 19:00,1.814,0.079,0,0
2017-02-02 20:00,1.345,0.092,0,0
2017-02-02 21:00,0.958,0.108,0,0
2017-02-02 22:00,0.581,0.075,0,0
2017-02-02 23:00,0.233,0.085,0,0
2017-02-03 00:00,-0.075,0.072,0,0
2017-02-03 01:00,-0.052,0.059,0,0
2017-02-03 02:00,0.387,0.052,0,0
2017-02-03 03:00,1.010,0.052,0,0
2017-02-03 04:00,1.568,0.039,0,0
2017-02-03 05:00,2.001,0.049,0,0
2017-02-03 06:00,2.339,0.043,0,0
2017-02-03 07:00,2.277,0.072,0,0
2017-02-03 08:00,1.916,0.108,0,0
2017-02-03 09:00,1.499,0.108,0,0
2017-02-03 10:00,1.109,0.072,0,0
2017-02-03 11:00,0.673,0.075,0,0
2017-02-03 12:00,0.292,0.056,0,0
2017-02-03 13:00,0.135,0.056,0,0
2017-02-03 14:00,0.364,0.036,0,0
2017-02-03 15:00,0.761,0.033,0,0
2017-02-03 16:00,1.270,0.026,0,0
2017-02-03 17:00,1.657,0.030,0,0
2017-02-03 18:00,1.998,0.023,0,0
2017-02-03 19:00,2.116,0.023,0,0
2017-02-03 20:00,1.850,0.026,0,0
2017-02-03 21:00,1.391,0.036,0,0
2017-02-03 22:00,1.076,0.039,0,0
2017-02-03 23:00,0.840,0.039,0,0
2017-02-04 00:00,0.486,0.033,0,0
2017-02-04 01:00,0.174,0.033,0,0
2017-02-04 02:00,0.233,0.079,0,0
2017-02-04 03:00,0.676,0.115,0,0
2017-02-04 04:00,1.230,0.128,0,0
2017-02-04 05:00,1.696,0.285,0,0
2017-02-04 06:00,2.070,0.312,0,0
2017-02-04 07:00,2.244,0.226,0,0
2017-02-04 08:00,2.096,0.262,0,0
2017-02-04 09:00,1.680,0.295,0,0
2017-02-04 10:00,1.273,0.223,0,0
2017-02-04 11:00,0.866,0.197,0,0
2017-02-04 12:00,0.387,0.177,0,0
2017-02-04 13:00,-0.171,0.174,0,0
2017-02-04 14:00,-0.344,0.174,0,0
2017-02-04 15:00,-0.174,0.177,0,0
2017-02-04 16:00,0.203,0.118,0,0
2017-02-04 17:00,0.709,0.112,0,0
2017-02-04 18:00,1.224,0.092,0,0
2017-02-04 19:00,1.542,0.082,0,0
2017-02-04 20:00,1.565,0.075,0,0
2017-02-04 21:00,1.352,0.105,0,0
2017-02-04 22:00,1.096,0.125,0,0
2017-02-04 23:00,0.833,0.131,0,0
2017-02-05 00:00,0.476,0.118,0,0
2017-02-05 01:00,0.079,0.098,0,0
2017-02-05 02:00,-0.177,0.102,0,0
2017-02-05 03:00,0.013,0.082,0,0
2017-02-05 04:00,0.456,0.069,0,0
2017-02-05 05:00,1.086,0.085,0,0
2017-02-05 06:00,1.483,0.092,0,0
2017-02-05 07:00,1.883,0.108,0,0
2017-02-05 08:00,2.106,0.075,0,0
2017-02-05 09:00,2.119,0.069,0,0
2017-02-05 10:00,1.814,0.072,0,0
2017-02-05 11:00,1.549,0.102,0,0
2017-02-05 12:00,1.165,0.056,0,0
2017-02-05 13:00,0.823,0.075,0,0
2017-02-05 14:00,0.292,0.062,0,0
2017-02-05 15:00,0.095,0.062,0,0
2017-02-05 16:00,0.125,0.039,0,0
2017-02-05 17:00,0.528,0.052,0,0
2017-02-05 18:00,1.093,0.049,0,0
2017-02-05 19:00,1.368,0.059,0,0
2017-02-05 20:00,1.545,0.069,0,0
2017-02-05 21:00,1.736,0.082,0,0
2017-02-05 22:00,1.460,0.095,0,0
2017-02-05 23:00,1.286,0.135,0,0
2017-02-06 00:00,1.001,0.121,0,0
2017-02-06 01:00,0.610,0.102,0,0
2017-02-06 02:00,0.240,0.112,0,0
2017-02-06 03:00,-0.138,0.105,0,0
2017-02-06 04:00,-0.066,0.148,0,0
2017-02-06 05:00,0.387,0.102,0,0
2017-02-06 06:00,1.020,0.128,0,0
2017-02-06 07:00,1.348,0.194,0,0
2017-02-06 08:00,1.631,0.180,0,0
2017-02-06 09:00,1.850,0.128,0,0
2017-02-06 10:00,1.818,0.095,0,0
2017-02-06 11:00,1.575,0.112,0,0
2017-02-06 12:00,1.201,0.131,0,0
2017-02-06 13:00,0.925,0.095,0,0
2017-02-06 14:00,0.554,0.105,0,0
2017-02-06 15:00,-0.069,0.102,0,0
2017-02-06 16:00,-0.433,0.085,0,0
2017-02-06 17:00,-0.466,0.056,0,0
2017-02-06 18:00,0.043,0.033,0,0
2017-02-06 19:00,0.702,0.039,0,0
2017-02-06 20:00,1.171,0.036,0,0
2017-02-06 21:00,1.450,0.046,0,0
2017-02-06 22:00,1.673,0.049,0,0
2017-02-06 23:00,1.588,0.043,0,0
2017-02-07 00:00,1.227,0.039,0,0
2017-02-07 01:00,0.869,0.059,0,0
2017-02-07 02:00,0.640,0.052,0,0
2017-02-07 03:00,0.243,0.056,0,0
2017-02-07 04:00,0.056,0.026,0,0
2017-02-07 05:00,0.230,0.020,0,0
2017-02-07 06:00,0.696,0.013,0,0
2017-02-07 07:00,1.260,0.016,0,0
2017-02-07 08:00,1.667,0.016,0,0
2017-02-07 09:00,2.133,0.020,0,0
2017-02-07 10:00,2.464,0.020,0,0
2017-02-07 11:00,2.579,0.023,0,0
2017-02-07 12:00,2.333,0.020,0,0
2017-02-07 13:00,2.018,0.023,0,0
2017-02-07 14:00,1.611,0.049,0,0
2017-02-07 15:00,1.073,0.079,0,0
2017-02-07 16:00,0.568,0.062,0,0
2017-02-07 17:00,0.259,0.049,0,0
2017-02-07 18:00,0.164,0.062,0,0
2017-02-07 19:00,0.873,0.033,0,0
2017-02-07 20:00,1.483,0.062,0,0
2017-02-07 21:00,2.014,0.075,0,0
2017-02-07 22:00,2.418,0.049,0,0
2017-02-07 23:00,2.539,0.043,0,0
2017-02-08 00:00,2.372,0.043,0,0
2017-02-08 01:00,1.841,0.052,0,0
2017-02-08 02:00,1.450,0.052,0,0
2017-02-08 03:00,1.230,0.030,0,0
2017-02-08 04:00,0.896,0.030,0,0
2017-02-08 05:00,0.781,0.026,0,0
2017-02-08 06:00,0.774,0.030,0,0
2017-02-08 07:00,1.247,0.033,0,0
2017-02-08 08:00,1.890,0.026,0,0
2017-02-08 09:00,2.536,0.023,0,0
2017-02-08 10:00,3.081,0.030,0,0
2017-02-08 11:00,3.406,0.033,0,0
2017-02-08 12:00,3.491,0.033,0,0
2017-02-08 13:00,3.130,0.033,0,0
2017-02-08 14:00,2.700,0.033,0,0
2017-02-08 15:00,2.110,0.043,0,0
2017-02-08 16:00,1.457,0.026,0,0
2017-02-08 17:00,0.810,0.023,0,0
2017-02-08 18:00,0.443,0.030,0,0
2017-02-08 19:00,0.479,0.026,0,0
2017-02-08 20:00,1.076,0.023,0,0
2017-02-08 21:00,1.736,0.026,0,0
2017-02-08 22:00,2.231,0.030,0,0
2017-02-08 23:00,2.605,0.033,0,0
2017-02-09 00:00,2.858,0.036,0,0
2017-02-09 01:00,2.569,0.036,0,0
2017-02-09 02:00,2.064,0.033,0,0
2017-02-09 03:00,1.601,0.036,0,0
2017-02-09 04:00,1.227,0.030,0,0
2017-02-09 05:00,0.794,0.030,0,0
2017-02-09 06:00,0.505,0.016,0,0
2017-02-09 07:00,0.545,0.026,0,0
2017-02-09 08:00,1.122,0.026,0,0
2017-02-09 09:00,1.798,0.023,0,0
2017-02-09 10:00,2.490,0.030,0,0
2017-02-09 11:00,3.163,0.026,0,0
2017-02-09 12:00,3.537,0.026,0,0
2017-02-09 13:00,3.465,0.046,0,0
2017-02-09 14:00,3.314,0.092,0,0
2017-02-09 15:00,3.136,0.125,0,0
2017-02-09 16:00,2.589,0.210,0,0
2017-02-09 17:00,2.113,0.430,0,0
2017-02-09 18:00,1.529,0.341,0,0
2017-02-09 19:00,0.971,0.371,0,0
2017-02-09 20:00,0.702,0.387,0,0
2017-02-09 21:00,1.214,0.341,0,0
2017-02-09 22:00,2.192,0.449,0,0
2017-02-09 23:00,2.385,0.449,0,0
2017-02-10 00:00,2.474,0.453,0,0
2017-02-10 01:00,2.362,0.486,0,0
2017-02-10 02:00,2.149,0.449,0,0
2017-02-10 03:00,1.896,0.397,0,0
2017-02-10 04:00,1.161,0.482,0,0
2017-02-10 05:00,0.715,0.371,0,0
2017-02-10 06:00,0.092,0.351,0,0
2017-02-10 07:00,-0.548,0.358,0,0
2017-02-10 08:00,-0.299,0.292,0,0
2017-02-10 09:00,0.489,0.253,0,0
2017-02-10 10:00,1.260,0.233,0,0
2017-02-10 11:00,1.932,0.236,0,0
2017-02-10 12:00,2.070,0.223,0,0
2017-02-10 13:00,2.434,0.203,0,0
2017-02-10 14:00,2.149,0.161,0,0
2017-02-10 15:00,1.732,0.197,0,0
2017-02-10 16:00,1.286,0.253,0,0
2017-02-10 17:00,0.863,0.148,0,0
2017-02-10 18:00,0.059,0.194,0,0
2017-02-10 19:00,-0.551,0.157,0,0
2017-02-10 20:00,-0.761,0.154,0,0
2017-02-10 21:00,-0.571,0.148,0,0
2017-02-10 22:00,0.118,0.135,0,0
2017-02-10 23:00,0.853,0.089,0,0
2017-02-11 00:00,1.362,0.082,0,0
2017-02-11 01:00,1.637,0.066,0,0
2017-02-11 02:00,1.660,0.056,0,0
2017-02-11 03:00,1.247,0.033,0,0
2017-02-11 04:00,0.712,0.062,0,0
2017-02-11 05:00,0.348,0.062,0,0
2017-02-11 06:00,0.105,0.056,0,0
2017-02-11 07:00,-0.518,0.049,0,0
2017-02-11 08:00,-0.702,0.066,0,0
2017-02-11 09:00,-0.197,0.039,0,0
2017-02-11 10:00,0.663,0.033,0,0
2017-02-11 11:00,1.549,0.026,0,0
2017-02-11 12:00,2.369,0.033,0,0
2017-02-11 13:00,2.913,0.023,0,0
2017-02-11 14:00,3.212,0.023,0,0
2017-02-11 15:00,2.927,0.039,0,0
2017-02-11 16:00,2.375,0.036,0,0
2017-02-11 17:00,1.854,0.030,0,0
2017-02-11 18:00,1.329,0.043,0,0
2017-02-11 19:00,0.722,0.023,0,0
2017-02-11 20:00,0.138,0.030,0,0
2017-02-11 21:00,-0.056,0.039,0,0
2017-02-11 22:00,0.449,0.033,0,0
2017-02-11 23:00,1.237,0.023,0,0
2017-02-12 00:00,1.860,0.026,0,0
2017-02-12 01:00,2.224,0.026,0,0
2017-02-12 02:00,2.507,0.023,0,0
2017-02-12 03:00,2.418,0.036,0,0
2017-02-12 04:00,1.942,0.036,0,0
2017-02-12 05:00,1.385,0.043,0,0
2017-02-12 06:00,0.974,0.052,0,0
2017-02-12 07:00,0.466,0.059,0,0
2017-02-12 08:00,-0.049,0.056,0,0
2017-02-12 09:00,-0.151,0.056,0,0
2017-02-12 10:00,0.302,0.043,0,0
2017-02-12 11:00,1.132,0.036,0,0
2017-02-12 12:00,1.962,0.062,0,0
2017-02-12 13:00,2.598,0.043,0,0
2017-02-12 14:00,3.022,0.036,0,0
2017-02-12 15:00,3.248,0.052,0,0
2017-02-12 16:00,3.150,0.072,0,0
2017-02-12 17:00,2.657,0.102,0,0
2017-02-12 18:00,2.359,0.059,0,0
2017-02-12 19:00,2.008,0.066,0,0
2017-02-12 20:00,1.463,0.046,0,0
2017-02-12 21:00,1.247,0.056,0,0
2017-02-12 22:00,1.460,0.066,0,0
2017-02-12 23:00,2.031,0.066,0,0
2017-02-13 00:00,2.776,0.056,0,0
2017-02-13 01:00,3.291,0.066,0,0
2017-02-13 02:00,3.855,0.052,0,0
2017-02-13 03:00,3.999,0.085,0,0
2017-02-13 04:00,3.550,0.052,0,0
2017-02-13 05:00,2.963,0.052,0,0
2017-02-13 06:00,2.467,0.049,0,0
2017-02-13 07:00,1.765,0.043,0,0
2017-02-13 08:00,1.168,0.043,0,0
2017-02-13 09:00,0.600,0.072,0,0
2017-02-13 10:00,0.266,0.115,0,0
2017-02-13 11:00,0.272,0.184,0,0
2017-02-13 12:00,0.883,0.253,0,0
2017-02-13 13:00,1.440,0.394,0,0
2017-02-13 14:00,1.844,0.331,0,0
2017-02-13 15:00,2.280,0.492,0,0
2017-02-13 16:00,2.051,0.561,0,0
2017-02-13 17:00,1.355,0.449,0,0
2017-02-13 18:00,0.778,0.499,0,0
2017-02-13 19:00,0.489,0.479,0,0
2017-02-13 20:00,0.220,0.499,0,0
2017-02-13 21:00,-0.472,0.417,0,0
2017-02-13 22:00,-0.604,0.453,0,0
2017-02-13 23:00,-0.367,0.344,0,0
2017-02-14 00:00,0.322,0.400,0,0
2017-02-14 01:00,1.024,0.305,0,0
2017-02-14 02:00,1.598,0.295,0,0
2017-02-14 03:00,2.254,0.194,0,0
2017-02-14 04:00,2.707,0.217,0,0
2017-02-14 05:00,2.664,0.256,0,0
2017-02-14 06:00,2.297,0.217,0,0
2017-02-14 07:00,2.008,0.210,0,0
2017-02-14 08:00,1.745,0.164,0,0
2017-02-14 09:00,1.457,0.131,0,0
2017-02-14 10:00,1.319,0.082,0,0
2017-02-14 11:00,1.457,0.066,0,0
2017-02-14 12:00,1.991,0.046,0,0
2017-02-14 13:00,2.546,0.052,0,0
2017-02-14 14:00,3.051,0.049,0,0
2017-02-14 15:00,3.494,0.043,0,0
2017-02-14 16:00,3.714,0.039,0,0
2017-02-14 17:00,3.543,0.046,0,0
2017-02-14 18:00,3.176,0.043,0,0
2017-02-14 19:00,2.782,0.030,0,0
2017-02-14 20:00,2.398,0.030,0,0
2017-02-14 21:00,1.811,0.030,0,0
2017-02-14 22:00,1.342,0.039,0,0
2017-02-14 23:00,1.207,0.039,0,0
2017-02-15 00:00,1.483,0.023,0,0
2017-02-15 01:00,1.972,0.033,0,0
2017-02-15 02:00,2.454,0.033,0,0
2017-02-15 03:00,2.864,0.039,0,0
2017-02-15 04:00,3.241,0.036,0,0
2017-02-15 05:00,3.363,0.043,0,0
2017-02-15 06:00,2.969,0.036,0,0
2017-02-15 07:00,2.500,0.033,0,0
2017-02-15 08:00,2.205,0.030,0,0
2017-02-15 09:00,1.867,0.023,0,0
2017-02-15 10:00,1.490,0.030,0,0
2017-02-15 11:00,1.365,0.023,0,0
2017-02-15 12:00,1.476,0.036,0,0
2017-02-15 13:00,1.827,0.026,0,0
2017-02-15 14:00,2.293,0.033,0,0
2017-02-15 15:00,2.831,0.033,0,0
2017-02-15 16:00,3.209,0.039,0,0
2017-02-15 17:00,3.422,0.036,0,0
2017-02-15 18:00,3.251,0.039,0,0
2017-02-15 19:00,2.854,0.036,0,0
2017-02-15 20:00,2.444,0.033,0,0
2017-02-15 21:00,2.169,0.030,0,0
2017-02-15 22:00,1.811,0.026,0,0
2017-02-15 23:00,1.532,0.033,0,0
2017-02-16 00:00,1.549,0.033,0,0
2017-02-16 01:00,2.014,0.023,0,0
2017-02-16 02:00,2.165,0.194,0,0
2017-02-16 03:00,2.198,0.233,0,0
2017-02-16 04:00,2.749,0.243,0,0
2017-02-16 05:00,3.061,0.194,0,0
2017-02-16 06:00,2.943,0.226,0,0
2017-02-16 07:00,2.451,0.203,0,0
2017-02-16 08:00,2.100,0.256,0,0
2017-02-16 09:00,1.765,0.177,0,0
2017-02-16 10:00,1.332,0.230,0,0
2017-02-16 11:00,1.001,0.203,0,0
2017-02-16 12:00,0.833,0.203,0,0
2017-02-16 13:00,0.978,0.200,0,0
2017-02-16 14:00,1.352,0.230,0,0
2017-02-16 15:00,1.716,0.194,0,0
2017-02-16 16:00,1.991,0.154,0,0
2017-02-16 17:00,2.362,0.121,0,0
2017-02-16 18:00,2.480,0.187,0,0
2017-02-16 19:00,2.300,0.289,0,0
2017-02-16 20:00,2.014,0.269,0,0
2017-02-16 21:00,1.824,0.207,0,0
2017-02-16 22:00,1.529,0.259,0,0
2017-02-16 23:00,1.243,0.184,0,0
2017-02-17 00:00,1.070,0.256,0,0
2017-02-17 01:00,0.984,0.190,0,0
2017-02-17 02:00,1.171,0.249,0,0
2017-02-17 03:00,1.457,0.312,0,0
2017-02-17 04:00,1.867,0.348,0,0
2017-02-17 05:00,2.195,0.384,0,0
2017-02-17 06:00,2.339,0.358,0,0
2017-02-17 07:00,2.247,0.328,0,0
2017-02-17 08:00,1.880,0.282,0,0
2017-02-17 09:00,1.453,0.240,0,0
2017-02-17 10:00,1.060,0.197,0,0
2017-02-17 11:00,0.646,0.197,0,0
2017-02-17 12:00,0.322,0.220,0,0
2017-02-17 13:00,0.072,0.164,0,0
2017-02-17 14:00,0.144,0.249,0,0
2017-02-17 15:00,0.285,0.194,0,0
2017-02-17 16:00,0.623,0.207,0,0
2017-02-17 17:00,0.889,0.213,0,0
2017-02-17 18:00,1.158,0.144,0,0
2017-02-17 19:00,1.102,0.177,0,0
2017-02-17 20:00,0.860,0.112,0,0
2017-02-17 21:00,0.591,0.079,0,0
2017-02-17 22:00,0.541,0.089,0,0
2017-02-17 23:00,0.482,0.079,0,0
2017-02-18 00:00,0.407,0.075,0,0
2017-02-18 01:00,0.197,0.062,0,0
2017-02-18 02:00,0.276,0.052,0,0
2017-02-18 03:00,0.545,0.036,0,0
2017-02-18 04:00,0.968,0.030,0,0
2017-02-18 05:00,1.430,0.020,0,0
2017-02-18 06:00,1.785,0.026,0,0
2017-02-18 07:00,1.946,0.043,0,0
2017-02-18 08:00,1.818,0.033,0,0
2017-02-18 09:00,1.699,0.043,0,0
2017-02-18 10:00,1.463,0.030,0,0
2017-02-18 11:00,1.335,0.016,0,0
2017-02-18 12:00,1.158,0.016,0,0
2017-02-18 13:00,0.922,0.033,0,0
2017-02-18 14:00,0.755,0.016,0,0
2017-02-18 15:00,0.945,0.020,0,0
2017-02-18 16:00,1.155,0.013,0,0
2017-02-18 17:00,1.414,0.020,0,0
2017-02-18 18:00,1.637,0.023,0,0
2017-02-18 19:00,1.808,0.020,0,0
2017-02-18 20:00,1.844,0.020,0,0
2017-02-18 21:00,1.814,0.026,0,0
2017-02-18 22:00,1.631,0.023,0,0
2017-02-18 23:00,1.430,0.013,0,0
2017-02-19 00:00,1.280,0.026,0,0
2017-02-19 01:00,1.145,0.023,0,0
2017-02-19 02:00,1.027,0.023,0,0
2017-02-19 03:00,1.020,0.016,0,0
2017-02-19 04:00,1.309,0.020,0,0
2017-02-19 05:00,1.686,0.016,0,0
2017-02-19 06:00,1.965,0.013,0,0
2017-02-19 07:00,2.175,0.026,0,0
2017-02-19 08:00,2.254,0.016,0,0
2017-02-19 09:00,2.096,0.020,0,0
2017-02-19 10:00,1.883,0.023,0,0
2017-02-19 11:00,1.575,0.023,0,0
2017-02-19 12:00,1.309,0.016,0,0
2017-02-19 13:00,1.063,0.016,0,0
2017-02-19 14:00,0.820,0.023,0,0
2017-02-19 15:00,0.722,0.020,0,0
2017-02-19 16:00,0.650,0.016,0,0
2017-02-19 17:00,0.925,0.016,0,0
2017-02-19 18:00,1.224,0.016,0,0
2017-02-19 19:00,1.437,0.016,0,0
2017-02-19 20:00,1.621,0.016,0,0
2017-02-19 21:00,1.703,0.023,0,0
2017-02-19 22:00,1.693,0.026,0,0
2017-02-19 23:00,1.549,0.020,0,0
2017-02-20 00:00,1.394,0.020,0,0
2017-02-20 01:00,1.243,0.020,0,0
2017-02-20 02:00,1.004,0.026,0,0
2017-02-20 03:00,0.932,0.016,0,0
2017-02-20 04:00,1.115,0.013,0,0
2017-02-20 05:00,1.398,0.020,0,0
2017-02-20 06:00,1.670,0.102,0,0
2017-02-20 07:00,1.949,0.039,0,0
2017-02-20 08:00,2.116,0.016,0,0
2017-02-20 09:00,2.218,0.013,0,0
2017-02-20 10:00,2.146,0.020,0,0
2017-02-20 11:00,1.962,0.020,0,0
2017-02-20 12:00,1.785,0.016,0,0
2017-02-20 13:00,1.555,0.013,0,0
2017-02-20 14:00,1.214,0.020,0,0
2017-02-20 15:00,0.837,0.016,0,0
2017-02-20 16:00,0.686,0.016,0,0
2017-02-20 17:00,0.823,0.023,0,0
2017-02-20 18:00,1.125,0.016,0,0
2017-02-20 19:00,1.434,0.010,0,0
2017-02-20 20:00,1.591,0.016,0,0
2017-02-20 21:00,1.722,0.020,0,0
2017-02-20 22:00,1.804,0.023,0,0
2017-02-20 23:00,1.768,0.020,0,0
2017-02-21 00:00,1.631,0.026,0,0
2017-02-21 01:00,1.467,0.020,0,0
2017-02-21 02:00,1.230,0.023,0,0
2017-02-21 03:00,1.004,0.016,0,0
2017-02-21 04:00,0.984,0.030,0,0
2017-02-21 05:00,1.096,0.020,0,0
2017-02-21 06:00,1.345,0.030,0,0
2017-02-21 07:00,1.683,0.020,0,0
2017-02-21 08:00,1.880,0.023,0,0
2017-02-21 09:00,2.106,0.023,0,0
2017-02-21 10:00,2.139,0.020,0,0
2017-02-21 11:00,2.119,0.023,0,0
2017-02-21 12:00,1.926,0.026,0,0
2017-02-21 13:00,1.680,0.016,0,0
2017-02-21 14:00,1.362,0.020,0,0
2017-02-21 15:00,1.070,0.020,0,0
2017-02-21 16:00,0.820,0.016,0,0
2017-02-21 17:00,0.633,0.020,0,0
2017-02-21 18:00,0.876,0.023,0,0
2017-02-21 19:00,1.178,0.026,0,0
2017-02-21 20:00,1.545,0.026,0,0
2017-02-21 21:00,1.650,0.020,0,0
2017-02-21 22:00,1.850,0.020,0,0
2017-02-21 23:00,1.919,0.020,0,0
2017-02-22 00:00,1.877,0.020,0,0
2017-02-22 01:00,1.555,0.026,0,0
2017-02-22 02:00,1.348,0.023,0,0
2017-02-22 03:00,1.050,0.016,0,0
2017-02-22 04:00,0.961,0.013,0,0
2017-02-22 05:00,1.040,0.013,0,0
2017-02-22 06:00,1.056,0.020,0,0
2017-02-22 07:00,1.365,0.020,0,0
2017-02-22 08:00,1.762,0.013,0,0
2017-02-22 09:00,2.034,0.023,0,0
2017-02-22 10:00,2.310,0.023,0,0
2017-02-22 11:00,2.359,0.023,0,0
2017-02-22 12:00,2.320,0.020,0,0
2017-02-22 13:00,1.995,0.023,0,0
2017-02-22 14:00,1.729,0.020,0,0
2017-02-22 15:00,1.434,0.023,0,0
2017-02-22 16:00,1.037,0.013,0,0
2017-02-22 17:00,0.712,0.026,0,0
2017-02-22 18:00,0.692,0.030,0,0
2017-02-22 19:00,0.866,0.013,0,0
2017-02-22 20:00,1.234,0.016,0,0
2017-02-22 21:00,1.516,0.020,0,0
2017-02-22 22:00,1.795,0.020,0,0
2017-02-22 23:00,2.041,0.023,0,0
2017-02-23 00:00,2.024,0.030,0,0
2017-02-23 01:00,1.719,0.026,0,0
2017-02-23 02:00,1.522,0.023,0,0
2017-02-23 03:00,1.289,0.020,0,0
2017-02-23 04:00,1.063,0.016,0,0
2017-02-23 05:00,1.001,0.020,0,0
2017-02-23 06:00,1.043,0.013,0,0
2017-02-23 07:00,1.224,0.016,0,0
2017-02-23 08:00,1.654,0.016,0,0
2017-02-23 09:00,2.024,0.020,0,0
2017-02-23 10:00,2.313,0.023,0,0
2017-02-23 11:00,2.562,0.026,0,0
2017-02-23 12:00,2.631,0.026,0,0
2017-02-23 13:00,2.415,0.026,0,0
2017-02-23 14:00,2.054,0.026,0,0
2017-02-23 15:00,1.722,0.023,0,0
2017-02-23 16:00,1.220,0.020,0,0
2017-02-23 17:00,0.778,0.013,0,0
2017-02-23 18:00,0.538,0.020,0,0
2017-02-23 19:00,0.646,0.023,0,0
2017-02-23 20:00,1.027,0.016,0,0
2017-02-23 21:00,1.444,0.020,0,0
2017-02-23 22:00,1.883,0.023,0,0
2017-02-23 23:00,2.165,0.023,0,0
2017-02-24 00:00,2.280,0.030,0,0
2017-02-24 01:00,2.159,0.030,0,0
2017-02-24 02:00,1.837,0.026,0,0
2017-02-24 03:00,1.522,0.020,0,0
2017-02-24 04:00,1.201,0.016,0,0
2017-02-24 05:00,0.866,0.016,0,0
2017-02-24 06:00,0.735,0.020,0,0
2017-02-24 07:00,0.807,0.026,0,0
2017-02-24 08:00,1.175,0.020,0,0
2017-02-24 09:00,1.598,0.023,0,0
2017-02-24 10:00,1.988,0.020,0,0
2017-02-24 11:00,2.349,0.026,0,0
2017-02-24 12:00,2.635,0.023,0,0
2017-02-24 13:00,2.595,0.030,0,0
2017-02-24 14:00,2.238,0.026,0,0
2017-02-24 15:00,1.873,0.026,0,0
2017-02-24 16:00,1.368,0.026,0,0
2017-02-24 17:00,0.902,0.026,0,0
2017-02-24 18:00,0.433,0.013,0,0
2017-02-24 19:00,0.249,0.023,0,0
2017-02-24 20:00,0.541,0.020,0,0
2017-02-24 21:00,1.070,0.023,0,0
2017-02-24 22:00,1.677,0.020,0,0
2017-02-24 23:00,2.051,0.020,0,0
2017-02-25 00:00,2.369,0.023,0,0
2017-02-25 01:00,2.392,0.026,0,0
2017-02-25 02:00,2.064,0.026,0,0
2017-02-25 03:00,1.732,0.026,0,0
2017-02-25 04:00,1.404,0.023,0,0
2017-02-25 05:00,1.096,0.020,0,0
2017-02-25 06:00,0.696,0.016,0,0
2017-02-25 07:00,0.472,0.016,0,0
2017-02-25 08:00,0.597,0.023,0,0
2017-02-25 09:00,1.158,0.020,0,0
2017-02-25 10:00,1.706,0.023,0,0
2017-02-25 11:00,2.234,0.016,0,0
2017-02-25 12:00,2.628,0.026,0,0
2017-02-25 13:00,2.815,0.026,0,0
2017-02-25 14:00,2.651,0.026,0,0
2017-02-25 15:00,2.267,0.026,0,0
2017-02-25 16:00,1.729,0.030,0,0
2017-02-25 17:00,1.388,0.030,0,0
2017-02-25 18:00,0.958,0.020,0,0
2017-02-25 19:00,0.591,0.020,0,0
2017-02-25 20:00,0.650,0.023,0,0
2017-02-25 21:00,1.175,0.020,0,0
2017-02-25 22:00,1.814,0.026,0,0
2017-02-25 23:00,2.434,0.026,0,0
2017-02-26 00:00,2.838,0.030,0,0
2017-02-26 01:00,3.107,0.030,0,0
2017-02-26 02:00,2.936,0.033,0,0
2017-02-26 03:00,2.818,0.030,0,0
2017-02-26 04:00,2.280,0.043,0,0
2017-02-26 05:00,1.745,0.039,0,0
2017-02-26 06:00,1.175,0.075,0,0
2017-02-26 07:00,0.728,0.108,0,0
2017-02-26 08:00,0.715,0.121,0,0
2017-02-26 09:00,0.791,0.180,0,0
2017-02-26 10:00,1.312,0.121,0,0
2017-02-26 11:00,1.827,0.108,0,0
2017-02-26 12:00,2.119,0.131,0,0
2017-02-26 13:00,2.753,0.118,0,0
2017-02-26 14:00,2.740,0.138,0,0
2017-02-26 15:00,2.231,0.157,0,0
2017-02-26 16:00,1.572,0.220,0,0
2017-02-26 17:00,0.968,0.164,0,0
2017-02-26 18:00,0.518,0.108,0,0
2017-02-26 19:00,-0.066,0.121,0,0
2017-02-26 20:00,-0.387,0.128,0,0
2017-02-26 21:00,-0.177,0.095,0,0
2017-02-26 22:00,0.427,0.121,0,0
2017-02-26 23:00,1.037,0.102,0,0
2017-02-27 00:00,1.512,0.108,0,0
2017-02-27 01:00,1.736,0.138,0,0
2017-02-27 02:00,1.791,0.095,0,0
2017-02-27 03:00,1.503,0.082,0,0
2017-02-27 04:00,1.070,0.095,0,0
2017-02-27 05:00,0.673,0.098,0,0
2017-02-27 06:00,0.180,0.075,0,0
2017-02-27 07:00,-0.377,0.075,0,0
2017-02-27 08:00,-0.732,0.066,0,0
2017-02-27 09:00,-0.689,0.062,0,0
2017-02-27 10:00,-0.154,0.049,0,0
2017-02-27 11:00,0.617,0.039,0,0
2017-02-27 12:00,1.322,0.033,0,0
2017-02-27 13:00,1.850,0.030,0,0
2017-02-27 14:00,2.142,0.049,0,0
2017-02-27 15:00,1.975,0.062,0,0
2017-02-27 16:00,1.335,0.072,0,0
2017-02-27 17:00,0.702,0.118,0,0
2017-02-27 18:00,0.328,0.128,0,0
2017-02-27 19:00,-0.115,0.069,0,0
2017-02-27 20:00,-0.643,0.049,0,0
2017-02-27 21:00,-0.820,0.056,0,0
2017-02-27 22:00,-0.344,0.046,0,0
2017-02-27 23:00,0.499,0.036,0,0
2017-02-28 00:00,1.129,0.036,0,0
2017-02-28 01:00,1.512,0.046,0,0
2017-02-28 02:00,1.919,0.043,0,0
2017-02-28 03:00,1.978,0.052,0,0
2017-02-28 04:00,1.683,0.046,0,0
2017-02-28 05:00,1.148,0.049,0,0
2017-02-28 06:00,0.577,0.069,0,0
2017-02-28 07:00,0.013,0.039,0,0
2017-02-28 08:00,-0.568,0.039,0,0
2017-02-28 09:00,-0.774,0.030,0,0
2017-02-28 10:00,-0.525,0.023,0,0
2017-02-28 11:00,0.128,0.036,0,0
2017-02-28 12:00,0.846,0.016,0,0
2017-02-28 13:00,1.476,0.020,0,0
2017-02-28 14:00,1.969,0.016,0,0
2017-02-28 15:00,2.169,0.023,0,0
2017-02-28 16:00,1.903,0.023,0,0
2017-02-28 17:00,1.220,0.023,0,0
2017-02-28 18:00,0.735,0.020,0,0
2017-02-28 19:00,0.358,0.020,0,0
2017-02-28 20:00,-0.056,0.020,0,0
2017-02-28 21:00,-0.581,0.026,0,0
2017-02-28 22:00,-0.413,0.016,0,0
2017-02-28 23:00,0.351,0.030,0,0
